{
  "sweep": [
    {
      "rot_max_deg": 15.0,
      "weight": 0.05,
      "in_sample": {
        "T_C": 0.011936927541953826,
        "RH_pct": 1.8270754245698932,
        "ws_ms": 1.030545279037999,
        "P_hPa": 3.332664288444474
      },
      "out_of_sample": {
        "T_C": 0.007769164645935247,
        "RH_pct": 3.024981510244557,
        "ws_ms": 0.3913328231778664,
        "P_hPa": 1.9995655976124118,
        "wd_deg": 106.75374919619117
      },
      "calibration": {
        "T_scale": 1.017799197164344,
        "T_offset_K": 21.943391395117658,
        "q_to_rh_ratio": 3.079654751962138,
        "wind_scale": 0.28536921774074514,
        "h_to_pressure_k": -0.005885833154117288
      }
    },
    {
      "rot_max_deg": 15.0,
      "weight": 0.1,
      "in_sample": {
        "T_C": 0.01589477449927886,
        "RH_pct": 1.7784380930720178,
        "ws_ms": 0.9746838522181611,
        "P_hPa": 3.3320985374054373
      },
      "out_of_sample": {
        "T_C": 0.008175388646714113,
        "RH_pct": 2.994143948009311,
        "ws_ms": 0.24898916518601277,
        "P_hPa": 1.9938780579679996,
        "wd_deg": 86.420776470564
      },
      "calibration": {
        "T_scale": 1.0200661597037068,
        "T_offset_K": 21.320387188728773,
        "q_to_rh_ratio": 3.0767537311379636,
        "wind_scale": 0.25359488435178396,
        "h_to_pressure_k": -0.006006993113567881
      }
    },
    {
      "rot_max_deg": 15.0,
      "weight": 0.2,
      "in_sample": {
        "T_C": 0.017747765943469072,
        "RH_pct": 1.7415535470552974,
        "ws_ms": 0.9115469419965866,
        "P_hPa": 3.324622410921518
      },
      "out_of_sample": {
        "T_C": 0.008080457524954308,
        "RH_pct": 2.9235089198247994,
        "ws_ms": 0.33324479366724924,
        "P_hPa": 2.0018945972066677,
        "wd_deg": 83.98383216846766
      },
      "calibration": {
        "T_scale": 1.0224802218742417,
        "T_offset_K": 20.65902141781379,
        "q_to_rh_ratio": 3.072679759856618,
        "wind_scale": 0.24069268160634721,
        "h_to_pressure_k": -0.006023619213909407
      }
    },
    {
      "rot_max_deg": 15.0,
      "weight": 0.4,
      "in_sample": {
        "T_C": 0.017736897884252364,
        "RH_pct": 1.7353787398913934,
        "ws_ms": 0.9135313762826878,
        "P_hPa": 3.3262975215912807
      },
      "out_of_sample": {
        "T_C": 0.009093113028640257,
        "RH_pct": 2.912588770181838,
        "ws_ms": 0.33324479366724924,
        "P_hPa": 2.0018945972066677,
        "wd_deg": 83.98383216846766
      },
      "calibration": {
        "T_scale": 1.0230196766660247,
        "T_offset_K": 20.514697466077507,
        "q_to_rh_ratio": 3.072642679328317,
        "wind_scale": 0.24069268160634721,
        "h_to_pressure_k": -0.006023619213909407
      }
    },
    {
      "rot_max_deg": 30.0,
      "weight": 0.05,
      "in_sample": {
        "T_C": 0.0107895871147113,
        "RH_pct": 1.811081307909879,
        "ws_ms": 0.9789944564330515,
        "P_hPa": 3.3283179070879916
      },
      "out_of_sample": {
        "T_C": 0.007319697402271043,
        "RH_pct": 2.996631623829264,
        "ws_ms": 0.40272953845773385,
        "P_hPa": 1.9993460197786401,
        "wd_deg": 99.24795590831087
      },
      "calibration": {
        "T_scale": 1.0183350665301023,
        "T_offset_K": 21.791842765731246,
        "q_to_rh_ratio": 3.077234216444621,
        "wind_scale": 0.2903408338419864,
        "h_to_pressure_k": -0.005767786321967196
      }
    },
    {
      "rot_max_deg": 30.0,
      "weight": 0.1,
      "in_sample": {
        "T_C": 0.011162006357492982,
        "RH_pct": 1.8148816667948655,
        "ws_ms": 0.9853003491841154,
        "P_hPa": 3.3257363451258577
      },
      "out_of_sample": {
        "T_C": 0.007489751326927779,
        "RH_pct": 3.0117441532445453,
        "ws_ms": 0.40272953845773385,
        "P_hPa": 1.9993460197786401,
        "wd_deg": 99.24795590831087
      },
      "calibration": {
        "T_scale": 1.018396548733368,
        "T_offset_K": 21.775395459665845,
        "q_to_rh_ratio": 3.0778558848009303,
        "wind_scale": 0.2903408338419864,
        "h_to_pressure_k": -0.005767786321967196
      }
    },
    {
      "rot_max_deg": 30.0,
      "weight": 0.2,
      "in_sample": {
        "T_C": 0.055487408988570686,
        "RH_pct": 1.5591474967777625,
        "ws_ms": 0.9245471527085024,
        "P_hPa": 3.3377030213168233
      },
      "out_of_sample": {
        "T_C": 0.027722727214625084,
        "RH_pct": 2.5925643390334883,
        "ws_ms": 0.45905064588696187,
        "P_hPa": 1.9823570756654159,
        "wd_deg": 66.13039366573287
      },
      "calibration": {
        "T_scale": 1.032040965952393,
        "T_offset_K": 18.029195325734747,
        "q_to_rh_ratio": 3.0523023698386504,
        "wind_scale": 0.21467937786964264,
        "h_to_pressure_k": -0.005634609468785813
      }
    },
    {
      "rot_max_deg": 30.0,
      "weight": 0.4,
      "in_sample": {
        "T_C": 0.0373147570845747,
        "RH_pct": 1.4977250414824619,
        "ws_ms": 0.8164011019049133,
        "P_hPa": 3.3742467695616996
      },
      "out_of_sample": {
        "T_C": 0.030188301222187533,
        "RH_pct": 2.4250779252324235,
        "ws_ms": 0.4377775145890418,
        "P_hPa": 1.9787871569319764,
        "wd_deg": 66.13039366573287
      },
      "calibration": {
        "T_scale": 1.0355195236910002,
        "T_offset_K": 17.09831088698786,
        "q_to_rh_ratio": 3.0482819519137347,
        "wind_scale": 0.21047363068894448,
        "h_to_pressure_k": -0.005650200755614518
      }
    },
    {
      "rot_max_deg": 45.0,
      "weight": 0.05,
      "in_sample": {
        "T_C": 0.010143532070487097,
        "RH_pct": 1.785795406176295,
        "ws_ms": 1.1179497627133057,
        "P_hPa": 3.344020277786773
      },
      "out_of_sample": {
        "T_C": 0.007541445094131209,
        "RH_pct": 2.9502377572118763,
        "ws_ms": 0.39958761835296774,
        "P_hPa": 1.9991235396141336,
        "wd_deg": 91.97764553280228
      },
      "calibration": {
        "T_scale": 1.0194033995478018,
        "T_offset_K": 21.495520005871583,
        "q_to_rh_ratio": 3.073997685321892,
        "wind_scale": 0.2886454121809765,
        "h_to_pressure_k": -0.005655349582893427
      }
    },
    {
      "rot_max_deg": 45.0,
      "weight": 0.1,
      "in_sample": {
        "T_C": 0.010210336752256275,
        "RH_pct": 1.793788110388274,
        "ws_ms": 0.9376201106222758,
        "P_hPa": 3.3205744269375246
      },
      "out_of_sample": {
        "T_C": 0.007297010201867032,
        "RH_pct": 2.976674242458744,
        "ws_ms": 0.39958761835296774,
        "P_hPa": 1.9991235396141336,
        "wd_deg": 91.97764553280228
      },
      "calibration": {
        "T_scale": 1.0193214734141671,
        "T_offset_K": 21.517437181095886,
        "q_to_rh_ratio": 3.074951115646784,
        "wind_scale": 0.2886454121809765,
        "h_to_pressure_k": -0.005655349582893427
      }
    },
    {
      "rot_max_deg": 45.0,
      "weight": 0.2,
      "in_sample": {
        "T_C": 0.010282623530718571,
        "RH_pct": 1.7974209036359645,
        "ws_ms": 0.9467804854340424,
        "P_hPa": 3.325106225332547
      },
      "out_of_sample": {
        "T_C": 0.006555886236854038,
        "RH_pct": 2.9819424860165737,
        "ws_ms": 0.39958761835296774,
        "P_hPa": 1.9991235396141336,
        "wd_deg": 91.97764553280228
      },
      "calibration": {
        "T_scale": 1.01906310843702,
        "T_offset_K": 21.586555913113614,
        "q_to_rh_ratio": 3.0749695125994654,
        "wind_scale": 0.2886454121809765,
        "h_to_pressure_k": -0.005655349582893427
      }
    },
    {
      "rot_max_deg": 45.0,
      "weight": 0.4,
      "in_sample": {
        "T_C": 0.08308765786445003,
        "RH_pct": 1.3255397480014248,
        "ws_ms": 0.8214078919118782,
        "P_hPa": 3.380103094005747
      },