{
  "scheme": "B (256\u00d7192, \u03c4_condense=600, Kessler precip, wind_nudge decay, wd offset)",
  "calibration": {
    "location_name": "Taipei (256\u00d7192+\u03c4_cond+Kessler+wd_offset)",
    "fitted_date": "2026-04-19 (finer grid + \u03c4_condense + Kessler precip + wd Coriolis-offset)",
    "T_offset_K": 24.0770912307284,
    "T_scale": 1.0105580770615394,
    "h_to_pressure_k": -0.0001666666666666414,
    "q_to_rh_ratio": 9.450848606391277,
    "wind_scale": 0.03969899500090188,
    "wind_dir_offset_deg": -136.0
  }
}